class,n,pearson_corr
other,1111357,0.27954720519618687
traditional,27982,0.2781074184072372
viral,32040,0.3133337868104411
